,filename,result,truth
0,IMG0000019.jpg,1,1.0
1,IMG0000025.jpg,0,1.0
2,IMG0000044.jpg,1,1.0
3,IMG0000057.jpg,1,1.0
4,IMG0000058.jpg,1,1.0
5,IMG0000059.jpg,1,1.0
6,IMG0000092.jpg,1,1.0
7,IMG0000100.jpg,1,1.0
8,IMG0000142.jpg,1,1.0
9,IMG0000143.jpg,1,1.0
10,IMG0000144.jpg,1,1.0
11,IMG0000151.jpg,0,1.0
12,IMG0000155.jpg,1,1.0
13,IMG0000156.jpg,1,1.0
14,IMG0000188.jpg,1,1.0
15,IMG0000189.jpg,1,1.0
16,IMG0000190.jpg,1,1.0
17,IMG0000206.jpg,1,1.0
18,IMG0000207.jpg,1,1.0
19,IMG0000261.jpg,1,1.0
20,IMG0000284.jpg,1,1.0
21,IMG0000307.jpg,0,1.0
22,IMG0000319.jpg,1,1.0
23,IMG0000351.jpg,0,1.0
24,IMG0000352.jpg,1,1.0
25,IMG0000443.jpg,1,1.0
26,IMG0000453.jpg,1,1.0
27,IMG0000454.jpg,1,1.0
28,IMG0000455.jpg,1,1.0
29,IMG0000456.jpg,1,1.0
30,IMG0000466.jpg,1,1.0
31,IMG0000467.jpg,1,1.0
32,IMG0000468.jpg,1,1.0
33,IMG0000470.jpg,1,1.0
34,IMG0000471.jpg,1,1.0
35,IMG0000472.jpg,1,1.0
36,IMG0000479.jpg,1,1.0
37,IMG0000480.jpg,1,1.0
38,IMG0000599.jpg,0,1.0
39,IMG0000600.jpg,1,1.0
40,IMG0000671.jpg,1,1.0
41,IMG0000692.jpg,1,1.0
42,IMG0000702.jpg,1,1.0
43,IMG0000750.jpg,1,1.0
44,IMG0000751.jpg,0,1.0
45,IMG0000758.jpg,1,1.0
46,IMG0000762.jpg,1,1.0
47,IMG0000763.jpg,1,1.0
48,IMG0000776.jpg,1,1.0
49,IMG0000777.jpg,1,1.0
50,IMG0000801.jpg,1,1.0
51,IMG0000804.jpg,0,1.0
52,IMG0000805.jpg,1,1.0
53,IMG0000822.jpg,1,1.0
54,IMG0000844.jpg,0,1.0
55,IMG0000845.jpg,0,1.0
56,IMG0000851.jpg,0,1.0
57,IMG0000852.jpg,0,1.0
58,IMG0001007.jpg,0,1.0
59,IMG0001008.jpg,1,1.0
60,IMG0001025.jpg,0,1.0
61,IMG0001026.jpg,1,1.0
62,IMG0001041.jpg,0,1.0
63,IMG0001073.jpg,1,1.0
64,IMG0001123.jpg,0,1.0
65,IMG0001147.jpg,0,1.0
66,IMG0001148.jpg,1,1.0
67,IMG0001151.jpg,0,1.0
68,IMG0001152.jpg,1,1.0
69,IMG0001191.jpg,1,1.0
70,IMG0001192.jpg,1,1.0
71,IMG0001198.jpg,0,1.0
72,IMG0001199.jpg,1,1.0
73,IMG0001200.jpg,0,1.0
74,IMG0001236.jpg,1,1.0
75,IMG0001350.jpg,1,1.0
76,IMG0001351.jpg,0,1.0
77,IMG0001360.jpg,1,1.0
78,IMG0001361.jpg,0,1.0
79,IMG0001362.jpg,1,1.0
80,IMG0001363.jpg,0,1.0
81,IMG0001364.jpg,1,1.0
82,IMG0001365.jpg,1,1.0
83,IMG0001366.jpg,1,1.0
84,IMG0001367.jpg,1,1.0
85,IMG0001380.jpg,1,1.0
86,IMG0001381.jpg,1,1.0
87,IMG0001382.jpg,1,1.0
88,IMG0001391.jpg,0,1.0
89,IMG0001392.jpg,1,1.0
90,IMG0001410.jpg,1,1.0
91,IMG0001411.jpg,0,1.0
92,IMG0001428.jpg,1,1.0
93,IMG0001440.jpg,0,1.0
94,IMG0001441.jpg,1,1.0
95,IMG0001494.jpg,1,1.0
96,IMG0001495.jpg,1,1.0
97,IMG0001546.jpg,1,1.0
98,IMG0001570.jpg,1,1.0
99,IMG0001571.jpg,1,1.0
100,IMG0001572.jpg,1,1.0
101,IMG0001577.jpg,1,1.0
102,IMG0001578.jpg,1,1.0
103,IMG0001639.jpg,1,1.0
104,IMG0001640.jpg,1,1.0
105,IMG0001710.jpg,1,1.0
106,IMG0001730.jpg,1,1.0
107,IMG0001731.jpg,1,1.0
108,IMG0001738.jpg,1,1.0
109,IMG0001739.jpg,1,1.0
110,IMG0001760.jpg,1,1.0
111,IMG0001762.jpg,0,1.0
112,IMG0001763.jpg,1,1.0
113,IMG0001774.jpg,1,1.0
114,IMG0001780.jpg,1,1.0
115,IMG0001781.jpg,1,1.0
116,IMG0001805.jpg,1,1.0
117,IMG0001867.jpg,1,1.0
118,IMG0001868.jpg,1,1.0
119,IMG0001869.jpg,1,1.0
120,IMG0001870.jpg,1,1.0
121,IMG0001916.jpg,0,1.0
122,IMG0001933.jpg,0,1.0
123,IMG0001934.jpg,1,1.0
124,IMG0001938.jpg,1,1.0
125,IMG0001939.jpg,1,1.0
126,IMG0001948.jpg,1,1.0
127,IMG0001964.jpg,1,1.0
128,IMG0001965.jpg,0,1.0
129,IMG0001970.jpg,1,1.0
130,IMG0001971.jpg,1,1.0
131,IMG0001980.jpg,1,1.0
132,IMG0001981.jpg,0,1.0
133,IMG0002020.jpg,1,1.0
134,IMG0002021.jpg,0,1.0
135,IMG0002036.jpg,1,1.0
136,IMG0002037.jpg,1,1.0
137,IMG0002085.jpg,1,1.0
138,IMG0002086.jpg,1,1.0
139,IMG0002105.jpg,1,1.0
140,IMG0002106.jpg,1,1.0
141,IMG0002122.jpg,1,1.0
142,IMG0002123.jpg,0,1.0
143,IMG0002126.jpg,1,1.0
144,IMG0002127.jpg,0,1.0
145,IMG0002148.jpg,1,1.0
146,IMG0002180.jpg,1,1.0
147,IMG0002181.jpg,1,1.0
148,IMG0002208.jpg,1,1.0
149,IMG0002225.jpg,0,1.0
150,IMG0002265.jpg,0,1.0
151,IMG0002272.jpg,1,1.0
152,IMG0002274.jpg,1,1.0
153,IMG0002287.jpg,1,1.0
154,IMG0002298.jpg,1,1.0
155,IMG0002299.jpg,1,1.0
156,IMG0002300.jpg,1,1.0
157,IMG0002301.jpg,1,1.0
158,IMG0002302.jpg,0,1.0
159,IMG0002303.jpg,1,1.0
160,IMG0002304.jpg,1,1.0
161,IMG0002305.jpg,1,1.0
162,IMG0002306.jpg,1,1.0
163,IMG0002307.jpg,1,1.0
164,IMG0002308.jpg,0,1.0
165,IMG0002309.jpg,0,1.0
166,IMG0002310.jpg,0,1.0
167,IMG0002311.jpg,1,1.0
168,IMG0002312.jpg,0,1.0
169,IMG0002313.jpg,1,1.0
170,IMG0002314.jpg,1,1.0
171,IMG0002315.jpg,1,1.0
172,IMG0002316.jpg,1,1.0
173,IMG0002317.jpg,1,1.0
174,IMG0002318.jpg,1,1.0
175,IMG0002319.jpg,1,1.0
176,IMG0002320.jpg,1,1.0
177,IMG0002321.jpg,1,1.0
178,IMG0002322.jpg,1,1.0
179,IMG0002323.jpg,1,1.0
180,IMG0002324.jpg,1,1.0
181,IMG0002325.jpg,1,1.0
182,IMG0002326.jpg,1,1.0
183,IMG0002327.jpg,1,1.0
184,IMG0002328.jpg,1,1.0
185,IMG0002329.jpg,1,1.0
186,IMG0002330.jpg,1,1.0
187,IMG0002331.jpg,1,1.0
188,IMG0002332.jpg,1,1.0
189,IMG0002333.jpg,1,1.0
190,IMG0002334.jpg,1,1.0
191,IMG0002335.jpg,1,1.0
192,IMG0002336.jpg,1,1.0
193,IMG0002337.jpg,1,1.0
194,IMG0002338.jpg,1,1.0
195,IMG0002339.jpg,1,1.0
196,IMG0002340.jpg,1,1.0
197,IMG0002341.jpg,1,1.0
198,IMG0002342.jpg,1,1.0
199,IMG0002343.jpg,1,1.0
200,IMG0002344.jpg,1,1.0
201,IMG0002345.jpg,1,1.0
202,IMG0002346.jpg,1,1.0
203,IMG0002347.jpg,1,1.0
204,IMG0002348.jpg,0,1.0
205,IMG0002349.jpg,1,1.0
206,IMG0002350.jpg,1,1.0
207,IMG0002351.jpg,1,1.0
208,IMG0002352.jpg,1,1.0
209,IMG0002353.jpg,1,1.0
210,IMG0002354.jpg,1,1.0
211,IMG0002355.jpg,1,1.0
212,IMG0002356.jpg,1,1.0
213,IMG0002357.jpg,1,1.0
214,IMG0002358.jpg,1,1.0
215,IMG0002359.jpg,1,1.0
216,IMG0002360.jpg,1,1.0
217,IMG0002361.jpg,1,1.0
218,IMG0002362.jpg,1,1.0
219,IMG0002363.jpg,1,1.0
220,IMG0002364.jpg,1,1.0
221,IMG0002365.jpg,1,1.0
222,IMG0002366.jpg,1,1.0
223,IMG0002367.jpg,1,1.0
224,IMG0002368.jpg,1,1.0
225,IMG0002369.jpg,1,1.0
226,IMG0002370.jpg,1,1.0
227,IMG0002371.jpg,1,1.0
228,IMG0002372.jpg,1,1.0
229,IMG0002373.jpg,1,1.0
230,IMG0002374.jpg,1,1.0
231,IMG0002375.jpg,1,1.0
232,IMG0002376.jpg,1,1.0
233,IMG0002377.jpg,1,1.0
234,IMG0002378.jpg,1,1.0
235,IMG0002379.jpg,1,1.0
236,IMG0002380.jpg,1,1.0
237,IMG0002381.jpg,0,1.0
238,IMG0002382.jpg,1,1.0
239,IMG0002383.jpg,1,1.0
240,IMG0002384.jpg,1,1.0
241,IMG0002385.jpg,1,1.0
242,IMG0002386.jpg,0,1.0
243,IMG0002387.jpg,1,1.0
244,IMG0002388.jpg,1,1.0
245,IMG0002389.jpg,1,1.0
246,IMG0002390.jpg,1,1.0
247,IMG0002391.jpg,1,1.0
248,IMG0002392.jpg,1,1.0
249,IMG0002393.jpg,1,1.0
250,IMG0002394.jpg,1,1.0
251,IMG0002395.jpg,0,1.0
252,IMG0002396.jpg,1,1.0
253,IMG0002397.jpg,1,1.0
254,IMG0002398.jpg,0,1.0
255,IMG0002399.jpg,1,1.0
256,IMG0002400.jpg,1,1.0
257,IMG0002401.jpg,1,1.0
258,IMG0002402.jpg,1,1.0
259,IMG0002403.jpg,1,1.0
260,IMG0002404.jpg,1,1.0
261,IMG0002405.jpg,1,1.0
262,IMG0002406.jpg,1,1.0
263,IMG0002407.jpg,1,1.0
264,IMG0002408.jpg,0,1.0
265,IMG0002409.jpg,1,1.0
266,IMG0002410.jpg,1,1.0
267,IMG0002411.jpg,1,1.0
268,IMG0002412.jpg,1,1.0
269,IMG0002413.jpg,0,1.0
270,IMG0002414.jpg,1,1.0
271,IMG0002415.jpg,0,1.0
272,IMG0002416.jpg,0,1.0
273,IMG0002417.jpg,1,1.0
274,IMG0002418.jpg,1,1.0
275,IMG0002419.jpg,1,1.0
276,IMG0002420.jpg,1,1.0
277,IMG0002421.jpg,1,1.0
278,IMG0002422.jpg,1,1.0
279,IMG0002423.jpg,1,1.0
280,IMG0002424.jpg,1,1.0
281,IMG0002425.jpg,1,1.0
282,IMG0002426.jpg,0,1.0
283,IMG0002427.jpg,1,1.0
284,IMG0002428.jpg,1,1.0
285,IMG0002429.jpg,0,1.0
286,IMG0002430.jpg,1,1.0
287,IMG0002431.jpg,0,1.0
288,IMG0002432.jpg,1,1.0
289,IMG0002433.jpg,1,1.0
290,IMG0002434.jpg,0,1.0
291,IMG0002435.jpg,0,1.0
292,IMG0002436.jpg,0,1.0
293,IMG0002437.jpg,1,1.0
294,IMG0002438.jpg,0,1.0
295,IMG0002439.jpg,1,1.0
296,IMG0002440.jpg,1,1.0
297,IMG0002441.jpg,1,1.0
298,IMG0002442.jpg,1,1.0
299,IMG0002443.jpg,1,1.0
300,IMG0002444.jpg,1,1.0
301,IMG0002445.jpg,1,1.0
302,IMG0002446.jpg,1,1.0
303,IMG0002447.jpg,1,1.0
304,IMG0002448.jpg,1,1.0
305,IMG0002449.jpg,1,1.0
306,IMG0002450.jpg,1,1.0
307,IMG0002451.jpg,1,1.0
308,IMG0002452.jpg,0,1.0
309,IMG0002453.jpg,1,1.0
310,IMG0002454.jpg,1,1.0
311,IMG0002455.jpg,0,1.0
312,IMG0002456.jpg,1,1.0
313,IMG0002457.jpg,1,1.0
314,IMG0002458.jpg,1,1.0
315,IMG0002459.jpg,0,1.0
316,IMG0002460.jpg,1,1.0
317,IMG0002461.jpg,1,1.0
318,IMG0002462.jpg,1,1.0
319,IMG0002463.jpg,1,1.0
320,IMG0002464.jpg,1,1.0
321,IMG0002465.jpg,0,1.0
322,IMG0002466.jpg,0,1.0
323,IMG0002467.jpg,1,1.0
324,IMG0002468.jpg,0,1.0
325,IMG0002469.jpg,1,1.0
326,IMG0002470.jpg,1,1.0
327,IMG0002471.jpg,0,1.0
328,IMG0002472.jpg,1,1.0
329,IMG0002473.jpg,1,1.0
330,IMG0002474.jpg,1,1.0
331,IMG0002475.jpg,1,1.0
332,IMG0002476.jpg,1,1.0
333,IMG0002477.jpg,1,1.0
334,IMG0002478.jpg,1,1.0
335,IMG0002479.jpg,1,1.0
336,IMG0002480.jpg,1,1.0
337,IMG0002481.jpg,1,1.0
338,IMG0002482.jpg,1,1.0
339,IMG0002483.jpg,0,1.0
340,IMG0002484.jpg,1,1.0
341,IMG0002485.jpg,1,1.0
342,IMG0002486.jpg,0,1.0
343,IMG0002487.jpg,1,1.0
344,IMG0002488.jpg,1,1.0
345,IMG0002489.jpg,0,1.0
346,IMG0002490.jpg,1,1.0
347,IMG0002491.jpg,1,1.0
348,IMG0002492.jpg,1,1.0
349,IMG0002493.jpg,0,1.0
350,IMG0002494.jpg,0,1.0
351,IMG0002495.jpg,0,1.0
352,IMG0002496.jpg,1,1.0
353,IMG0002497.jpg,0,1.0
354,IMG0002498.jpg,1,1.0
355,IMG0002499.jpg,1,1.0
356,IMG0002500.jpg,1,1.0
357,IMG0002501.jpg,0,1.0
358,IMG0002502.jpg,0,1.0
359,IMG0002503.jpg,1,1.0
360,IMG0002504.jpg,1,1.0
361,IMG0002505.jpg,1,1.0
362,IMG0002506.jpg,1,1.0
363,IMG0002507.jpg,1,1.0
364,IMG0002508.jpg,1,1.0
365,IMG0002509.jpg,1,1.0
366,IMG0002510.jpg,1,1.0
367,IMG0002511.jpg,1,1.0
368,IMG0002512.jpg,1,1.0
369,IMG0002513.jpg,0,1.0
370,IMG0002514.jpg,1,1.0
371,IMG0002515.jpg,1,1.0
372,IMG0002516.jpg,0,1.0
373,IMG0002517.jpg,0,1.0
374,IMG0002518.jpg,0,1.0
375,IMG0002519.jpg,1,1.0
376,IMG0002520.jpg,1,1.0
377,IMG0002521.jpg,1,1.0
378,IMG0002522.jpg,1,1.0
379,IMG0002523.jpg,1,1.0
380,IMG0002524.jpg,1,1.0
381,IMG0002525.jpg,0,1.0
382,IMG0002526.jpg,1,1.0
383,IMG0002527.jpg,1,1.0
384,IMG0002528.jpg,0,1.0
385,IMG0002529.jpg,0,1.0
386,IMG0002530.jpg,1,1.0
387,IMG0002531.jpg,1,1.0
388,IMG0002532.jpg,1,1.0
389,IMG0002533.jpg,1,1.0
390,IMG0002534.jpg,1,1.0
391,IMG0002535.jpg,1,1.0
392,IMG0002536.jpg,1,1.0
393,IMG0002537.jpg,1,1.0
394,IMG0002538.jpg,1,1.0
395,IMG0002539.jpg,1,1.0
396,IMG0002540.jpg,1,1.0
397,IMG0002541.jpg,1,1.0
398,IMG0002542.jpg,1,1.0
399,IMG0002543.jpg,1,1.0
400,IMG0002544.jpg,1,1.0
401,IMG0002545.jpg,1,1.0
402,IMG0002546.jpg,1,1.0
403,IMG0002547.jpg,1,1.0
404,IMG0002548.jpg,1,1.0
405,IMG0002549.jpg,1,1.0
406,IMG0002550.jpg,1,1.0
407,IMG0002551.jpg,0,1.0
408,IMG0002552.jpg,1,1.0
409,IMG0002553.jpg,1,1.0
410,IMG0002556.jpg,1,1.0
411,IMG0002557.jpg,1,1.0
412,IMG0002558.jpg,0,1.0
413,IMG0002559.jpg,1,1.0
414,IMG0002560.jpg,0,1.0
415,IMG0002561.jpg,1,1.0
416,IMG0002562.jpg,1,1.0
417,IMG0002563.jpg,1,1.0
418,IMG0002564.jpg,1,1.0
419,IMG0002565.jpg,1,1.0
420,IMG0002566.jpg,1,1.0
421,IMG0002567.jpg,1,1.0
422,IMG0002568.jpg,1,1.0
423,IMG0002569.jpg,1,1.0
424,IMG0002570.jpg,1,1.0
425,IMG0002571.jpg,1,1.0
426,IMG0002572.jpg,1,1.0
427,IMG0002573.jpg,1,1.0
428,IMG0002574.jpg,1,1.0
429,IMG0002575.jpg,1,1.0
430,IMG0002576.jpg,1,1.0
431,IMG0002577.jpg,1,1.0
432,IMG0002578.jpg,1,1.0
433,IMG0002579.jpg,1,1.0
434,IMG0002580.jpg,1,1.0
435,IMG0002581.jpg,1,1.0
436,IMG0002582.jpg,1,1.0
437,IMG0002583.jpg,1,1.0
438,IMG0002584.jpg,1,1.0
439,IMG0002585.jpg,1,1.0
440,IMG0002586.jpg,1,1.0
441,IMG0002587.jpg,0,1.0
442,IMG0002588.jpg,1,1.0
443,IMG0002589.jpg,1,1.0
444,IMG0002590.jpg,1,1.0
445,IMG0002591.jpg,1,1.0
446,IMG0002592.jpg,0,1.0
447,IMG0002593.jpg,1,1.0
448,IMG0002594.jpg,1,1.0
449,IMG0002595.jpg,1,1.0
450,IMG0002596.jpg,1,1.0
451,IMG0002597.jpg,1,1.0
452,IMG0002598.jpg,1,1.0
453,IMG0002599.jpg,1,1.0
454,IMG0002600.jpg,0,1.0
455,IMG0002601.jpg,1,1.0
456,IMG0002602.jpg,1,1.0
457,IMG0002603.jpg,1,1.0
458,IMG0002604.jpg,1,1.0
459,IMG0002605.jpg,1,1.0
460,IMG0002606.jpg,1,1.0
461,IMG0002607.jpg,1,1.0
462,IMG0002608.jpg,1,1.0
463,IMG0002609.jpg,1,1.0
464,IMG0002610.jpg,1,1.0
465,IMG0002611.jpg,1,1.0
466,IMG0002612.jpg,1,1.0
467,IMG0002613.jpg,1,1.0
468,IMG0002614.jpg,1,1.0
469,IMG0002615.jpg,0,1.0
470,IMG0002617.jpg,1,1.0
471,IMG0002619.jpg,1,1.0
472,IMG0002620.jpg,1,1.0
473,IMG0002621.jpg,1,1.0
474,IMG0002622.jpg,1,1.0
475,IMG0002627.jpg,1,1.0
476,IMG0002628.jpg,0,1.0
477,IMG0002646.jpg,1,1.0
478,IMG0002647.jpg,1,1.0
479,IMG0002650.jpg,0,1.0
480,IMG0002651.jpg,0,1.0
481,IMG0002652.jpg,1,1.0
482,IMG0002653.jpg,1,1.0
483,IMG0002664.jpg,1,1.0
484,IMG0002668.jpg,0,1.0
485,IMG0002701.jpg,1,1.0
486,IMG0002704.jpg,1,1.0
487,IMG0002705.jpg,1,1.0
488,IMG0002731.jpg,1,1.0
489,IMG0002732.jpg,1,1.0
490,IMG0002737.jpg,0,1.0
491,IMG0002738.jpg,1,1.0
492,IMG0002745.jpg,1,1.0
493,IMG0002746.jpg,1,1.0
494,IMG0002749.jpg,1,1.0
495,IMG0002750.jpg,1,1.0
496,IMG0002768.jpg,1,1.0
497,IMG0002790.jpg,1,1.0
498,IMG0002791.jpg,1,1.0
499,IMG0002809.jpg,0,1.0
500,IMG0000000.jpg,0,0.0
501,IMG0000001.jpg,0,0.0
502,IMG0000002.jpg,1,0.0
503,IMG0000003.jpg,1,0.0
504,IMG0000004.jpg,0,0.0
505,IMG0000005.jpg,1,0.0
506,IMG0000006.jpg,1,0.0
507,IMG0000007.jpg,1,0.0
508,IMG0000008.jpg,0,0.0
509,IMG0000009.jpg,0,0.0
510,IMG0000010.jpg,1,0.0
511,IMG0000011.jpg,1,0.0
512,IMG0000012.jpg,1,0.0
513,IMG0000013.jpg,0,0.0
514,IMG0000014.jpg,0,0.0
515,IMG0000015.jpg,1,0.0
516,IMG0000016.jpg,1,0.0
517,IMG0000017.jpg,0,0.0
518,IMG0000018.jpg,0,0.0
519,IMG0000020.jpg,1,0.0
520,IMG0000021.jpg,0,0.0
521,IMG0000022.jpg,1,0.0
522,IMG0000023.jpg,1,0.0
523,IMG0000024.jpg,1,0.0
524,IMG0000026.jpg,0,0.0
525,IMG0000027.jpg,0,0.0
526,IMG0000028.jpg,1,0.0
527,IMG0000029.jpg,1,0.0
528,IMG0000030.jpg,1,0.0
529,IMG0000031.jpg,1,0.0
530,IMG0000032.jpg,1,0.0
531,IMG0000033.jpg,0,0.0
532,IMG0000034.jpg,0,0.0
533,IMG0000035.jpg,0,0.0
534,IMG0000036.jpg,1,0.0
535,IMG0000037.jpg,1,0.0
536,IMG0000038.jpg,1,0.0
537,IMG0000039.jpg,1,0.0
538,IMG0000040.jpg,1,0.0
539,IMG0000041.jpg,0,0.0
540,IMG0000042.jpg,0,0.0
541,IMG0000043.jpg,0,0.0
542,IMG0000045.jpg,0,0.0
543,IMG0000046.jpg,1,0.0
544,IMG0000047.jpg,0,0.0
545,IMG0000048.jpg,0,0.0
546,IMG0000049.jpg,1,0.0
547,IMG0000050.jpg,1,0.0
548,IMG0000051.jpg,0,0.0
549,IMG0000052.jpg,0,0.0
550,IMG0000053.jpg,0,0.0
551,IMG0000054.jpg,0,0.0
552,IMG0000055.jpg,1,0.0
553,IMG0000056.jpg,0,0.0
554,IMG0000060.jpg,1,0.0
555,IMG0000061.jpg,0,0.0
556,IMG0000062.jpg,0,0.0
557,IMG0000063.jpg,0,0.0
558,IMG0000064.jpg,0,0.0
559,IMG0000065.jpg,1,0.0
560,IMG0000066.jpg,0,0.0
561,IMG0000067.jpg,0,0.0
562,IMG0000068.jpg,0,0.0
563,IMG0000069.jpg,0,0.0
564,IMG0000070.jpg,1,0.0
565,IMG0000071.jpg,1,0.0
566,IMG0000072.jpg,1,0.0
567,IMG0000073.jpg,1,0.0
568,IMG0000074.jpg,1,0.0
569,IMG0000075.jpg,1,0.0
570,IMG0000076.jpg,0,0.0
571,IMG0000077.jpg,0,0.0
572,IMG0000078.jpg,0,0.0
573,IMG0000079.jpg,0,0.0
574,IMG0000080.jpg,1,0.0
575,IMG0000081.jpg,1,0.0
576,IMG0000082.jpg,1,0.0
577,IMG0000083.jpg,1,0.0
578,IMG0000084.jpg,0,0.0
579,IMG0000085.jpg,1,0.0
580,IMG0000086.jpg,1,0.0
581,IMG0000087.jpg,0,0.0
582,IMG0000088.jpg,0,0.0
583,IMG0000089.jpg,1,0.0
584,IMG0000090.jpg,0,0.0
585,IMG0000091.jpg,0,0.0
586,IMG0000093.jpg,1,0.0
587,IMG0000094.jpg,1,0.0
588,IMG0000095.jpg,0,0.0
589,IMG0000096.jpg,0,0.0
590,IMG0000097.jpg,1,0.0
591,IMG0000098.jpg,1,0.0
592,IMG0000099.jpg,0,0.0
593,IMG0000101.jpg,0,0.0
594,IMG0000102.jpg,1,0.0
595,IMG0000103.jpg,1,0.0
596,IMG0000104.jpg,1,0.0
597,IMG0000105.jpg,1,0.0
598,IMG0000106.jpg,0,0.0
599,IMG0000107.jpg,0,0.0
600,IMG0000108.jpg,1,0.0
601,IMG0000109.jpg,0,0.0
602,IMG0000110.jpg,1,0.0
603,IMG0000111.jpg,1,0.0
604,IMG0000112.jpg,1,0.0
605,IMG0000113.jpg,0,0.0
606,IMG0000114.jpg,1,0.0
607,IMG0000115.jpg,0,0.0
608,IMG0000116.jpg,0,0.0
609,IMG0000117.jpg,0,0.0
610,IMG0000118.jpg,0,0.0
611,IMG0000119.jpg,0,0.0
612,IMG0000120.jpg,0,0.0
613,IMG0000121.jpg,0,0.0
614,IMG0000122.jpg,1,0.0
615,IMG0000123.jpg,1,0.0
616,IMG0000124.jpg,0,0.0
617,IMG0000125.jpg,0,0.0
618,IMG0000126.jpg,0,0.0
619,IMG0000127.jpg,1,0.0
620,IMG0000128.jpg,0,0.0
621,IMG0000129.jpg,1,0.0
622,IMG0000130.jpg,0,0.0
623,IMG0000131.jpg,0,0.0
624,IMG0000132.jpg,0,0.0
625,IMG0000133.jpg,0,0.0
626,IMG0000134.jpg,1,0.0
627,IMG0000135.jpg,1,0.0
628,IMG0000136.jpg,0,0.0
629,IMG0000137.jpg,1,0.0
630,IMG0000138.jpg,0,0.0
631,IMG0000139.jpg,0,0.0
632,IMG0000140.jpg,1,0.0
633,IMG0000141.jpg,1,0.0
634,IMG0000145.jpg,1,0.0
635,IMG0000146.jpg,1,0.0
636,IMG0000147.jpg,1,0.0
637,IMG0000148.jpg,1,0.0
638,IMG0000149.jpg,0,0.0
639,IMG0000150.jpg,0,0.0
640,IMG0000152.jpg,0,0.0
641,IMG0000153.jpg,1,0.0
642,IMG0000154.jpg,0,0.0
643,IMG0000157.jpg,1,0.0
644,IMG0000158.jpg,1,0.0
645,IMG0000159.jpg,0,0.0
646,IMG0000160.jpg,0,0.0
647,IMG0000161.jpg,0,0.0
648,IMG0000162.jpg,0,0.0
649,IMG0000163.jpg,1,0.0
650,IMG0000164.jpg,0,0.0
651,IMG0000165.jpg,1,0.0
652,IMG0000166.jpg,1,0.0
653,IMG0000167.jpg,1,0.0
654,IMG0000168.jpg,1,0.0
655,IMG0000169.jpg,1,0.0
656,IMG0000170.jpg,1,0.0
657,IMG0000171.jpg,0,0.0
658,IMG0000172.jpg,1,0.0
659,IMG0000173.jpg,1,0.0
660,IMG0000174.jpg,0,0.0
661,IMG0000175.jpg,0,0.0
662,IMG0000176.jpg,0,0.0
663,IMG0000177.jpg,0,0.0
664,IMG0000178.jpg,0,0.0
665,IMG0000179.jpg,1,0.0
666,IMG0000180.jpg,0,0.0
667,IMG0000181.jpg,0,0.0
668,IMG0000182.jpg,1,0.0
669,IMG0000183.jpg,1,0.0
670,IMG0000184.jpg,0,0.0
671,IMG0000185.jpg,0,0.0
672,IMG0000186.jpg,0,0.0
673,IMG0000187.jpg,0,0.0
674,IMG0000191.jpg,0,0.0
675,IMG0000192.jpg,0,0.0
676,IMG0000193.jpg,0,0.0
677,IMG0000194.jpg,0,0.0
678,IMG0000195.jpg,0,0.0
679,IMG0000196.jpg,0,0.0
680,IMG0000197.jpg,0,0.0
681,IMG0000198.jpg,1,0.0
682,IMG0000199.jpg,1,0.0
683,IMG0000200.jpg,0,0.0
684,IMG0000201.jpg,1,0.0
685,IMG0000202.jpg,1,0.0
686,IMG0000203.jpg,1,0.0
687,IMG0000204.jpg,1,0.0
688,IMG0000205.jpg,1,0.0
689,IMG0000208.jpg,1,0.0
690,IMG0000209.jpg,1,0.0
691,IMG0000210.jpg,1,0.0
692,IMG0000211.jpg,1,0.0
693,IMG0000212.jpg,0,0.0
694,IMG0000213.jpg,0,0.0
695,IMG0000214.jpg,1,0.0
696,IMG0000215.jpg,1,0.0
697,IMG0000216.jpg,0,0.0
698,IMG0000217.jpg,0,0.0
699,IMG0000218.jpg,1,0.0
700,IMG0000219.jpg,0,0.0
701,IMG0000220.jpg,0,0.0
702,IMG0000221.jpg,0,0.0
703,IMG0000222.jpg,0,0.0
704,IMG0000223.jpg,0,0.0
705,IMG0000224.jpg,0,0.0
706,IMG0000225.jpg,1,0.0
707,IMG0000226.jpg,0,0.0
708,IMG0000227.jpg,0,0.0
709,IMG0000228.jpg,0,0.0
710,IMG0000229.jpg,0,0.0
711,IMG0000230.jpg,0,0.0
712,IMG0000231.jpg,0,0.0
713,IMG0000232.jpg,1,0.0
714,IMG0000233.jpg,0,0.0
715,IMG0000234.jpg,0,0.0
716,IMG0000235.jpg,1,0.0
717,IMG0000236.jpg,1,0.0
718,IMG0000237.jpg,1,0.0
719,IMG0000238.jpg,1,0.0
720,IMG0000239.jpg,1,0.0
721,IMG0000240.jpg,0,0.0
722,IMG0000241.jpg,1,0.0
723,IMG0000242.jpg,0,0.0
724,IMG0000243.jpg,0,0.0
725,IMG0000244.jpg,0,0.0
726,IMG0000245.jpg,0,0.0
727,IMG0000246.jpg,0,0.0
728,IMG0000247.jpg,1,0.0
729,IMG0000248.jpg,0,0.0
730,IMG0000249.jpg,0,0.0
731,IMG0000250.jpg,0,0.0
732,IMG0000251.jpg,0,0.0
733,IMG0000252.jpg,1,0.0
734,IMG0000253.jpg,0,0.0
735,IMG0000254.jpg,0,0.0
736,IMG0000255.jpg,0,0.0
737,IMG0000256.jpg,1,0.0
738,IMG0000257.jpg,0,0.0
739,IMG0000258.jpg,0,0.0
740,IMG0000259.jpg,1,0.0
741,IMG0000260.jpg,0,0.0
742,IMG0000263.jpg,1,0.0
743,IMG0000264.jpg,1,0.0
744,IMG0000265.jpg,1,0.0
745,IMG0000266.jpg,0,0.0
746,IMG0000267.jpg,1,0.0
747,IMG0000268.jpg,0,0.0
748,IMG0000269.jpg,1,0.0
749,IMG0000270.jpg,1,0.0
750,IMG0000271.jpg,1,0.0
751,IMG0000272.jpg,1,0.0
752,IMG0000273.jpg,1,0.0
753,IMG0000274.jpg,1,0.0
754,IMG0000275.jpg,1,0.0
755,IMG0000276.jpg,0,0.0
756,IMG0000277.jpg,0,0.0
757,IMG0000278.jpg,0,0.0
758,IMG0000279.jpg,0,0.0
759,IMG0000280.jpg,0,0.0
760,IMG0000281.jpg,1,0.0
761,IMG0000282.jpg,1,0.0
762,IMG0000283.jpg,1,0.0
763,IMG0000285.jpg,0,0.0
764,IMG0000286.jpg,1,0.0
765,IMG0000287.jpg,0,0.0
766,IMG0000288.jpg,0,0.0
767,IMG0000289.jpg,1,0.0
768,IMG0000290.jpg,0,0.0
769,IMG0000291.jpg,1,0.0
770,IMG0000292.jpg,0,0.0
771,IMG0000293.jpg,0,0.0
772,IMG0000294.jpg,1,0.0
773,IMG0000295.jpg,0,0.0
774,IMG0000296.jpg,0,0.0
775,IMG0000297.jpg,0,0.0
776,IMG0000298.jpg,1,0.0
777,IMG0000299.jpg,0,0.0
778,IMG0000300.jpg,0,0.0
779,IMG0000301.jpg,1,0.0
780,IMG0000302.jpg,0,0.0
781,IMG0000303.jpg,1,0.0
782,IMG0000304.jpg,0,0.0
783,IMG0000305.jpg,1,0.0
784,IMG0000306.jpg,1,0.0
785,IMG0000308.jpg,1,0.0
786,IMG0000309.jpg,0,0.0
787,IMG0000310.jpg,1,0.0
788,IMG0000311.jpg,1,0.0
789,IMG0000312.jpg,0,0.0
790,IMG0000313.jpg,1,0.0
791,IMG0000314.jpg,0,0.0
792,IMG0000315.jpg,0,0.0
793,IMG0000316.jpg,0,0.0
794,IMG0000317.jpg,1,0.0
795,IMG0000318.jpg,1,0.0
796,IMG0000320.jpg,1,0.0
797,IMG0000321.jpg,0,0.0
798,IMG0000322.jpg,1,0.0
799,IMG0000323.jpg,1,0.0
800,IMG0000324.jpg,1,0.0
801,IMG0000325.jpg,0,0.0
802,IMG0000326.jpg,0,0.0
803,IMG0000327.jpg,1,0.0
804,IMG0000328.jpg,1,0.0
805,IMG0000329.jpg,1,0.0
806,IMG0000330.jpg,0,0.0
807,IMG0000331.jpg,1,0.0
808,IMG0000332.jpg,0,0.0
809,IMG0000333.jpg,0,0.0
810,IMG0000334.jpg,1,0.0
811,IMG0000335.jpg,0,0.0
812,IMG0000336.jpg,0,0.0
813,IMG0000337.jpg,1,0.0
814,IMG0000338.jpg,0,0.0
815,IMG0000339.jpg,1,0.0
816,IMG0000340.jpg,1,0.0
817,IMG0000342.jpg,0,0.0
818,IMG0000343.jpg,0,0.0
819,IMG0000344.jpg,1,0.0
820,IMG0000345.jpg,0,0.0
821,IMG0000346.jpg,1,0.0
822,IMG0000347.jpg,1,0.0
823,IMG0000348.jpg,0,0.0
824,IMG0000349.jpg,0,0.0
825,IMG0000350.jpg,0,0.0
826,IMG0000353.jpg,0,0.0
827,IMG0000354.jpg,0,0.0
828,IMG0000355.jpg,0,0.0
829,IMG0000356.jpg,0,0.0
830,IMG0000357.jpg,0,0.0
831,IMG0000358.jpg,0,0.0
832,IMG0000359.jpg,0,0.0
833,IMG0000360.jpg,0,0.0
834,IMG0000361.jpg,0,0.0
835,IMG0000362.jpg,0,0.0
836,IMG0000363.jpg,0,0.0
837,IMG0000364.jpg,0,0.0
838,IMG0000365.jpg,1,0.0
839,IMG0000366.jpg,1,0.0
840,IMG0000367.jpg,0,0.0
841,IMG0000368.jpg,1,0.0
842,IMG0000369.jpg,1,0.0
843,IMG0000370.jpg,0,0.0
844,IMG0000371.jpg,1,0.0
845,IMG0000372.jpg,0,0.0
846,IMG0000373.jpg,0,0.0
847,IMG0000374.jpg,1,0.0
848,IMG0000375.jpg,1,0.0
849,IMG0000376.jpg,0,0.0
850,IMG0000377.jpg,1,0.0
851,IMG0000378.jpg,0,0.0
852,IMG0000379.jpg,1,0.0
853,IMG0000380.jpg,1,0.0
854,IMG0000381.jpg,1,0.0
855,IMG0000382.jpg,0,0.0
856,IMG0000383.jpg,0,0.0
857,IMG0000384.jpg,0,0.0
858,IMG0000385.jpg,0,0.0
859,IMG0000386.jpg,0,0.0
860,IMG0000387.jpg,0,0.0
861,IMG0000388.jpg,0,0.0
862,IMG0000389.jpg,1,0.0
863,IMG0000390.jpg,0,0.0
864,IMG0000391.jpg,0,0.0
865,IMG0000392.jpg,1,0.0
866,IMG0000393.jpg,1,0.0
867,IMG0000394.jpg,0,0.0
868,IMG0000395.jpg,1,0.0
869,IMG0000396.jpg,0,0.0
870,IMG0000397.jpg,1,0.0
871,IMG0000398.jpg,0,0.0
872,IMG0000399.jpg,0,0.0
873,IMG0000400.jpg,0,0.0
874,IMG0000401.jpg,1,0.0
875,IMG0000402.jpg,0,0.0
876,IMG0000403.jpg,0,0.0
877,IMG0000404.jpg,0,0.0
878,IMG0000405.jpg,0,0.0
879,IMG0000406.jpg,0,0.0
880,IMG0000407.jpg,1,0.0
881,IMG0000408.jpg,1,0.0
882,IMG0000409.jpg,0,0.0
883,IMG0000410.jpg,1,0.0
884,IMG0000411.jpg,1,0.0
885,IMG0000412.jpg,0,0.0
886,IMG0000413.jpg,0,0.0
887,IMG0000414.jpg,0,0.0
888,IMG0000415.jpg,1,0.0
889,IMG0000416.jpg,0,0.0
890,IMG0000417.jpg,0,0.0
891,IMG0000418.jpg,0,0.0
892,IMG0000419.jpg,0,0.0
893,IMG0000420.jpg,0,0.0
894,IMG0000421.jpg,0,0.0
895,IMG0000422.jpg,1,0.0
896,IMG0000423.jpg,0,0.0
897,IMG0000424.jpg,0,0.0
898,IMG0000425.jpg,0,0.0
899,IMG0000426.jpg,0,0.0
900,IMG0000427.jpg,0,0.0
901,IMG0000428.jpg,1,0.0
902,IMG0000429.jpg,1,0.0
903,IMG0000430.jpg,1,0.0
904,IMG0000431.jpg,0,0.0
905,IMG0000432.jpg,0,0.0
906,IMG0000433.jpg,0,0.0
907,IMG0000434.jpg,0,0.0
908,IMG0000435.jpg,1,0.0
909,IMG0000436.jpg,1,0.0
910,IMG0000437.jpg,1,0.0
911,IMG0000438.jpg,0,0.0
912,IMG0000439.jpg,0,0.0
913,IMG0000440.jpg,1,0.0
914,IMG0000441.jpg,0,0.0
915,IMG0000445.jpg,0,0.0
916,IMG0000446.jpg,1,0.0
917,IMG0000447.jpg,0,0.0
918,IMG0000448.jpg,1,0.0
919,IMG0000449.jpg,1,0.0
920,IMG0000450.jpg,0,0.0
921,IMG0000451.jpg,0,0.0
922,IMG0000452.jpg,0,0.0
923,IMG0000457.jpg,0,0.0
924,IMG0000458.jpg,1,0.0
925,IMG0000459.jpg,0,0.0
926,IMG0000460.jpg,0,0.0
927,IMG0000461.jpg,0,0.0
928,IMG0000462.jpg,0,0.0
929,IMG0000463.jpg,1,0.0
930,IMG0000464.jpg,1,0.0
931,IMG0000465.jpg,0,0.0
932,IMG0000473.jpg,0,0.0
933,IMG0000474.jpg,0,0.0
934,IMG0000475.jpg,0,0.0
935,IMG0000476.jpg,1,0.0
936,IMG0000477.jpg,1,0.0
937,IMG0000478.jpg,1,0.0
938,IMG0000481.jpg,0,0.0
939,IMG0000482.jpg,1,0.0
940,IMG0000483.jpg,0,0.0
941,IMG0000484.jpg,0,0.0
942,IMG0000485.jpg,0,0.0
943,IMG0000488.jpg,0,0.0
944,IMG0000489.jpg,0,0.0
945,IMG0000490.jpg,0,0.0
946,IMG0000491.jpg,0,0.0
947,IMG0000492.jpg,1,0.0
948,IMG0000493.jpg,1,0.0
949,IMG0000494.jpg,1,0.0
950,IMG0000495.jpg,1,0.0
951,IMG0000496.jpg,1,0.0
952,IMG0000497.jpg,1,0.0
953,IMG0000498.jpg,0,0.0
954,IMG0000499.jpg,0,0.0
955,IMG0000500.jpg,0,0.0
956,IMG0000502.jpg,1,0.0
957,IMG0000503.jpg,0,0.0
958,IMG0000504.jpg,1,0.0
959,IMG0000505.jpg,0,0.0
960,IMG0000506.jpg,0,0.0
961,IMG0000507.jpg,0,0.0
962,IMG0000508.jpg,0,0.0
963,IMG0000509.jpg,0,0.0
964,IMG0000510.jpg,0,0.0
965,IMG0000511.jpg,0,0.0
966,IMG0000512.jpg,0,0.0
967,IMG0000513.jpg,0,0.0
968,IMG0000514.jpg,0,0.0
969,IMG0000515.jpg,1,0.0
970,IMG0000516.jpg,0,0.0
971,IMG0000517.jpg,1,0.0
972,IMG0000518.jpg,1,0.0
973,IMG0000519.jpg,0,0.0
974,IMG0000520.jpg,1,0.0
975,IMG0000521.jpg,1,0.0
976,IMG0000522.jpg,0,0.0
977,IMG0000523.jpg,1,0.0
978,IMG0000524.jpg,1,0.0
979,IMG0000525.jpg,1,0.0
980,IMG0000526.jpg,1,0.0
981,IMG0000527.jpg,0,0.0
982,IMG0000528.jpg,0,0.0
983,IMG0000529.jpg,1,0.0
984,IMG0000530.jpg,1,0.0
985,IMG0000531.jpg,0,0.0
986,IMG0000532.jpg,0,0.0
987,IMG0000533.jpg,0,0.0
988,IMG0000534.jpg,0,0.0
989,IMG0000535.jpg,1,0.0
990,IMG0000536.jpg,1,0.0
991,IMG0000537.jpg,0,0.0
992,IMG0000538.jpg,0,0.0
993,IMG0000539.jpg,0,0.0
994,IMG0000540.jpg,0,0.0
995,IMG0000541.jpg,1,0.0
996,IMG0000542.jpg,0,0.0
997,IMG0000543.jpg,1,0.0
998,IMG0000544.jpg,1,0.0
999,IMG0000545.jpg,1,0.0
